<?xml version="1.0"?>
<material>
  <Description>mat0</Description>
  <PerMeterCoverage>12</PerMeterCoverage>
  <SpecularPower>4</SpecularPower>
  <SpecularColor R="220" G="220" B="220" />
  <rFactorMaterialName>nm_manty</rFactorMaterialName>
  <KeeprFactorMaterialName>True</KeeprFactorMaterialName>
  <DoubleSided>True</DoubleSided>
  <UpNormals>True</UpNormals>
  <VisibilityType>0</VisibilityType>
  <ShaderType>Diffuse</ShaderType>
  <TransparencyType>Chroma</TransparencyType>
  <TransparencyChromaColor R="109" G="152" B="109" />
  <DiffMap>
    <Path>Objects\nm_manty\NM_MANTY.DDS</Path>
    <texture_coordinate>
      <FlippedHorizontal>1</FlippedHorizontal>
      <FlippedVertical>1</FlippedVertical>
      <Angle>0</Angle>
      <scale x="1" y="1" />
      <offset x="0" y="0" />
    </texture_coordinate>
    <MIPBias>0</MIPBias>
  </DiffMap>
</material>